instrument_key,southbound_eligible,as_of_date,source_label
00001,true,2026-05-22,sse_southbound_eligible;szse_southbound_eligible
00002,true,2026-05-22,sse_southbound_eligible;szse_southbound_eligible
00003,true,2026-05-22,sse_southbound_eligible;szse_southbound_eligible
00004,true,2026-05-22,sse_southbound_eligible;szse_southbound_eligible
00005,true,2026-05-22,sse_southbound_eligible;szse_southbound_eligible
00006,true,2026-05-22,sse_southbound_eligible;szse_southbound_eligible
00008,true,2026-05-22,sse_southbound_eligible;szse_southbound_eligible
00010,true,2026-05-22,sse_southbound_eligible;szse_southbound_eligible
00012,true,2026-05-22,sse_southbound_eligible;szse_southbound_eligible
00013,true,2026-05-22,sse_southbound_eligible;szse_southbound_eligible
00014,true,2026-05-22,sse_southbound_eligible;szse_southbound_eligible
00016,true,2026-05-22,sse_southbound_eligible;szse_southbound_eligible
00017,true,2026-05-22,sse_southbound_eligible;szse_southbound_eligible
00019,true,2026-05-22,sse_southbound_eligible;szse_southbound_eligible
00020,true,2026-05-22,sse_southbound_eligible;szse_southbound_eligible
00023,true,2026-05-22,sse_southbound_eligible;szse_southbound_eligible
00027,true,2026-05-22,sse_southbound_eligible;szse_southbound_eligible
00038,true,2026-05-22,sse_southbound_eligible;szse_southbound_eligible
00041,true,2026-05-22,sse_southbound_eligible;szse_southbound_eligible
00066,true,2026-05-22,sse_southbound_eligible;szse_southbound_eligible
00081,true,2026-05-22,sse_southbound_eligible;szse_southbound_eligible
00083,true,2026-05-22,sse_southbound_eligible;szse_southbound_eligible
00087,true,2026-05-22,sse_southbound_eligible;szse_southbound_eligible
00101,true,2026-05-22,sse_southbound_eligible;szse_southbound_eligible
00107,true,2026-05-22,sse_southbound_eligible;szse_southbound_eligible
00119,true,2026-05-22,sse_southbound_eligible;szse_southbound_eligible
00123,true,2026-05-22,sse_southbound_eligible;szse_southbound_eligible
00135,true,2026-05-22,sse_southbound_eligible;szse_southbound_eligible
00136,true,2026-05-22,sse_southbound_eligible;szse_southbound_eligible
00142,true,2026-05-22,sse_southbound_eligible;szse_southbound_eligible
00144,true,2026-05-22,sse_southbound_eligible;szse_southbound_eligible
00148,true,2026-05-22,sse_southbound_eligible;szse_southbound_eligible
00151,true,2026-05-22,sse_southbound_eligible;szse_southbound_eligible
00152,true,2026-05-22,sse_southbound_eligible;szse_southbound_eligible
00165,true,2026-05-22,sse_southbound_eligible;szse_southbound_eligible
00168,true,2026-05-22,sse_southbound_eligible;szse_southbound_eligible
00173,true,2026-05-22,sse_southbound_eligible;szse_southbound_eligible
00175,true,2026-05-22,sse_southbound_eligible;szse_southbound_eligible
00177,true,2026-05-22,sse_southbound_eligible;szse_southbound_eligible
00179,true,2026-05-22,sse_southbound_eligible;szse_southbound_eligible
00187,true,2026-05-22,sse_southbound_eligible;szse_southbound_eligible
00189,true,2026-05-22,sse_southbound_eligible;szse_southbound_eligible
00200,true,2026-05-22,sse_southbound_eligible;szse_southbound_eligible
00220,true,2026-05-22,sse_southbound_eligible;szse_southbound_eligible
00241,true,2026-05-22,sse_southbound_eligible;szse_southbound_eligible
00257,true,2026-05-22,sse_southbound_eligible;szse_southbound_eligible
00267,true,2026-05-22,sse_southbound_eligible;szse_southbound_eligible
00268,true,2026-05-22,sse_southbound_eligible;szse_southbound_eligible
00270,true,2026-05-22,sse_southbound_eligible;szse_southbound_eligible
00285,true,2026-05-22,sse_southbound_eligible;szse_southbound_eligible
00288,true,2026-05-22,sse_southbound_eligible;szse_southbound_eligible
00290,true,2026-05-22,sse_southbound_eligible;szse_southbound_eligible
00291,true,2026-05-22,sse_southbound_eligible;szse_southbound_eligible
00293,true,2026-05-22,sse_southbound_eligible;szse_southbound_eligible
00297,true,2026-05-22,sse_southbound_eligible;szse_southbound_eligible
00300,true,2026-05-22,sse_southbound_eligible;szse_southbound_eligible
00303,true,2026-05-22,sse_southbound_eligible;szse_southbound_eligible
00308,true,2026-05-22,sse_southbound_eligible;szse_southbound_eligible
00316,true,2026-05-22,sse_southbound_eligible;szse_southbound_eligible
00317,true,2026-05-22,sse_southbound_eligible;szse_southbound_eligible
00322,true,2026-05-22,sse_southbound_eligible;szse_southbound_eligible
00323,true,2026-05-22,sse_southbound_eligible;szse_southbound_eligible
00325,true,2026-05-22,sse_southbound_eligible;szse_southbound_eligible
00336,true,2026-05-22,sse_southbound_eligible;szse_southbound_eligible
00338,true,2026-05-22,sse_southbound_eligible;szse_southbound_eligible
00345,true,2026-05-22,sse_southbound_eligible;szse_southbound_eligible
00347,true,2026-05-22,sse_southbound_eligible;szse_southbound_eligible
00354,true,2026-05-22,sse_southbound_eligible;szse_southbound_eligible
00358,true,2026-05-22,sse_southbound_eligible;szse_southbound_eligible
00363,true,2026-05-22,sse_southbound_eligible;szse_southbound_eligible
00371,true,2026-05-22,sse_southbound_eligible;szse_southbound_eligible
00384,true,2026-05-22,sse_southbound_eligible;szse_southbound_eligible
00386,true,2026-05-22,sse_southbound_eligible;szse_southbound_eligible
00388,true,2026-05-22,sse_southbound_eligible;szse_southbound_eligible
00390,true,2026-05-22,sse_southbound_eligible;szse_southbound_eligible
00392,true,2026-05-22,sse_southbound_eligible;szse_southbound_eligible
00425,true,2026-05-22,sse_southbound_eligible;szse_southbound_eligible
00440,true,2026-05-22,sse_southbound_eligible;szse_southbound_eligible
00460,true,2026-05-22,sse_southbound_eligible;szse_southbound_eligible
00467,true,2026-05-22,sse_southbound_eligible;szse_southbound_eligible
00470,true,2026-05-22,sse_southbound_eligible;szse_southbound_eligible
00501,true,2026-05-22,sse_southbound_eligible;szse_southbound_eligible
00506,true,2026-05-22,sse_southbound_eligible;szse_southbound_eligible
00512,true,2026-05-22,sse_southbound_eligible;szse_southbound_eligible
00522,true,2026-05-22,sse_southbound_eligible;szse_southbound_eligible
00525,true,2026-05-22,sse_southbound_eligible;szse_southbound_eligible
00546,true,2026-05-22,sse_southbound_eligible;szse_southbound_eligible
00548,true,2026-05-22,sse_southbound_eligible;szse_southbound_eligible
00551,true,2026-05-22,sse_southbound_eligible;szse_southbound_eligible
00552,true,2026-05-22,sse_southbound_eligible;szse_southbound_eligible
00553,true,2026-05-22,sse_southbound_eligible;szse_southbound_eligible
00564,true,2026-05-22,sse_southbound_eligible;szse_southbound_eligible
00568,true,2026-05-22,sse_southbound_eligible;szse_southbound_eligible
00570,true,2026-05-22,sse_southbound_eligible;szse_southbound_eligible
00576,true,2026-05-22,sse_southbound_eligible;szse_southbound_eligible
00586,true,2026-05-22,sse_southbound_eligible;szse_southbound_eligible
00588,true,2026-05-22,sse_southbound_eligible;szse_southbound_eligible
00590,true,2026-05-22,sse_southbound_eligible;szse_southbound_eligible
00598,true,2026-05-22,sse_southbound_eligible;szse_southbound_eligible
00604,true,2026-05-22,sse_southbound_eligible;szse_southbound_eligible
00631,true,2026-05-22,sse_southbound_eligible;szse_southbound_eligible
00636,true,2026-05-22,sse_southbound_eligible;szse_southbound_eligible
00638,true,2026-05-22,sse_southbound_eligible;szse_southbound_eligible
00639,true,2026-05-22,sse_southbound_eligible;szse_southbound_eligible
00656,true,2026-05-22,sse_southbound_eligible;szse_southbound_eligible
00659,true,2026-05-22,sse_southbound_eligible;szse_southbound_eligible
00666,true,2026-05-22,sse_southbound_eligible;szse_southbound_eligible
00667,true,2026-05-22,sse_southbound_eligible;szse_southbound_eligible
00669,true,2026-05-22,sse_southbound_eligible;szse_southbound_eligible
00670,true,2026-05-22,sse_southbound_eligible;szse_southbound_eligible
00683,true,2026-05-22,sse_southbound_eligible;szse_southbound_eligible
00688,true,2026-05-22,sse_southbound_eligible;szse_southbound_eligible
00696,true,2026-05-22,sse_southbound_eligible;szse_southbound_eligible
00697,true,2026-05-22,sse_southbound_eligible;szse_southbound_eligible
00699,true,2026-05-22,sse_southbound_eligible;szse_southbound_eligible
00700,true,2026-05-22,sse_southbound_eligible;szse_southbound_eligible
00719,true,2026-05-22,sse_southbound_eligible;szse_southbound_eligible
00728,true,2026-05-22,sse_southbound_eligible;szse_southbound_eligible
00751,true,2026-05-22,sse_southbound_eligible;szse_southbound_eligible
00753,true,2026-05-22,sse_southbound_eligible;szse_southbound_eligible
00754,true,2026-05-22,sse_southbound_eligible;szse_southbound_eligible
00762,true,2026-05-22,sse_southbound_eligible;szse_southbound_eligible
00763,true,2026-05-22,sse_southbound_eligible;szse_southbound_eligible
00772,true,2026-05-22,sse_southbound_eligible;szse_southbound_eligible
00780,true,2026-05-22,sse_southbound_eligible;szse_southbound_eligible
00788,true,2026-05-22,sse_southbound_eligible;szse_southbound_eligible
00811,true,2026-05-22,sse_southbound_eligible;szse_southbound_eligible
00817,true,2026-05-22,sse_southbound_eligible;szse_southbound_eligible
00819,true,2026-05-22,sse_southbound_eligible;szse_southbound_eligible
00826,true,2026-05-22,sse_southbound_eligible;szse_southbound_eligible
00836,true,2026-05-22,sse_southbound_eligible;szse_southbound_eligible
00839,true,2026-05-22,sse_southbound_eligible;szse_southbound_eligible
00853,true,2026-05-22,sse_southbound_eligible;szse_southbound_eligible
00855,true,2026-05-22,sse_southbound_eligible;szse_southbound_eligible
00856,true,2026-05-22,sse_southbound_eligible;szse_southbound_eligible
00857,true,2026-05-22,sse_southbound_eligible;szse_southbound_eligible
00867,true,2026-05-22,sse_southbound_eligible;szse_southbound_eligible
00868,true,2026-05-22,sse_southbound_eligible;szse_southbound_eligible
00874,true,2026-05-22,sse_southbound_eligible;szse_southbound_eligible
00880,true,2026-05-22,sse_southbound_eligible;szse_southbound_eligible
00881,true,2026-05-22,sse_southbound_eligible;szse_southbound_eligible
00883,true,2026-05-22,sse_southbound_eligible;szse_southbound_eligible
00895,true,2026-05-22,sse_southbound_eligible;szse_southbound_eligible
00902,true,2026-05-22,sse_southbound_eligible;szse_southbound_eligible
00909,true,2026-05-22,sse_southbound_eligible;szse_southbound_eligible
00914,true,2026-05-22,sse_southbound_eligible;szse_southbound_eligible
00916,true,2026-05-22,sse_southbound_eligible;szse_southbound_eligible
00917,true,2026-05-22,sse_southbound_eligible;szse_southbound_eligible
00921,true,2026-05-22,sse_southbound_eligible;szse_southbound_eligible
00934,true,2026-05-22,sse_southbound_eligible;szse_southbound_eligible
00939,true,2026-05-22,sse_southbound_eligible;szse_southbound_eligible
00941,true,2026-05-22,sse_southbound_eligible;szse_southbound_eligible
00956,true,2026-05-22,sse_southbound_eligible;szse_southbound_eligible
00960,true,2026-05-22,sse_southbound_eligible;szse_southbound_eligible
00966,true,2026-05-22,sse_southbound_eligible;szse_southbound_eligible
00968,true,2026-05-22,sse_southbound_eligible;szse_southbound_eligible
00975,true,2026-05-22,sse_southbound_eligible;szse_southbound_eligible
00981,true,2026-05-22,sse_southbound_eligible;szse_southbound_eligible
00990,true,2026-05-22,sse_southbound_eligible;szse_southbound_eligible
00991,true,2026-05-22,sse_southbound_eligible;szse_southbound_eligible
00992,true,2026-05-22,sse_southbound_eligible;szse_southbound_eligible
00995,true,2026-05-22,sse_southbound_eligible;szse_southbound_eligible
00998,true,2026-05-22,sse_southbound_eligible;szse_southbound_eligible
00999,true,2026-05-22,sse_southbound_eligible;szse_southbound_eligible
01024,true,2026-05-22,sse_southbound_eligible;szse_southbound_eligible
01030,true,2026-05-22,sse_southbound_eligible;szse_southbound_eligible
01033,true,2026-05-22,sse_southbound_eligible;szse_southbound_eligible
01038,true,2026-05-22,sse_southbound_eligible;szse_southbound_eligible
01044,true,2026-05-22,sse_southbound_eligible;szse_southbound_eligible
01052,true,2026-05-22,sse_southbound_eligible;szse_southbound_eligible
01053,true,2026-05-22,sse_southbound_eligible;szse_southbound_eligible
01055,true,2026-05-22,sse_southbound_eligible;szse_southbound_eligible
01057,true,2026-05-22,sse_southbound_eligible;szse_southbound_eligible
01060,true,2026-05-22,sse_southbound_eligible;szse_southbound_eligible
01065,true,2026-05-22,sse_southbound_eligible;szse_southbound_eligible
01066,true,2026-05-22,sse_southbound_eligible;szse_southbound_eligible
01070,true,2026-05-22,sse_southbound_eligible;szse_southbound_eligible
01071,true,2026-05-22,sse_southbound_eligible;szse_southbound_eligible
01072,true,2026-05-22,sse_southbound_eligible;szse_southbound_eligible
01083,true,2026-05-22,sse_southbound_eligible;szse_southbound_eligible
01088,true,2026-05-22,sse_southbound_eligible;szse_southbound_eligible
01093,true,2026-05-22,sse_southbound_eligible;szse_southbound_eligible
01099,true,2026-05-22,sse_southbound_eligible;szse_southbound_eligible
01108,true,2026-05-22,sse_southbound_eligible;szse_southbound_eligible
01109,true,2026-05-22,sse_southbound_eligible;szse_southbound_eligible
01112,true,2026-05-22,sse_southbound_eligible;szse_southbound_eligible
01113,true,2026-05-22,sse_southbound_eligible;szse_southbound_eligible
01114,true,2026-05-22,sse_southbound_eligible;szse_southbound_eligible
01117,true,2026-05-22,sse_southbound_eligible;szse_southbound_eligible
01128,true,2026-05-22,sse_southbound_eligible;szse_southbound_eligible
01138,true,2026-05-22,sse_southbound_eligible;szse_southbound_eligible
01157,true,2026-05-22,sse_southbound_eligible;szse_southbound_eligible
01164,true,2026-05-22,sse_southbound_eligible;szse_southbound_eligible
01171,true,2026-05-22,sse_southbound_eligible;szse_southbound_eligible
01177,true,2026-05-22,sse_southbound_eligible;szse_southbound_eligible
01186,true,2026-05-22,sse_southbound_eligible;szse_southbound_eligible
01187,true,2026-05-22,sse_southbound_eligible;szse_southbound_eligible
01193,true,2026-05-22,sse_southbound_eligible;szse_southbound_eligible
01196,true,2026-05-22,sse_southbound_eligible;szse_southbound_eligible
01199,true,2026-05-22,sse_southbound_eligible;szse_southbound_eligible
01208,true,2026-05-22,sse_southbound_eligible;szse_southbound_eligible
01209,true,2026-05-22,sse_southbound_eligible;szse_southbound_eligible
01211,true,2026-05-22,sse_southbound_eligible;szse_southbound_eligible
01258,true,2026-05-22,sse_southbound_eligible;szse_southbound_eligible
01276,true,2026-05-22,sse_southbound_eligible;szse_southbound_eligible
01277,true,2026-05-22,sse_southbound_eligible;szse_southbound_eligible
01288,true,2026-05-22,sse_southbound_eligible;szse_southbound_eligible
01299,true,2026-05-22,sse_southbound_eligible;szse_southbound_eligible
01302,true,2026-05-22,sse_southbound_eligible;szse_southbound_eligible
01304,true,2026-05-22,sse_southbound_eligible;szse_southbound_eligible
01308,true,2026-05-22,sse_southbound_eligible;szse_southbound_eligible
01310,true,2026-05-22,sse_southbound_eligible;szse_southbound_eligible
01313,true,2026-05-22,sse_southbound_eligible;szse_southbound_eligible
01316,true,2026-05-22,sse_southbound_eligible;szse_southbound_eligible
01318,true,2026-05-22,sse_southbound_eligible;szse_southbound_eligible
01330,true,2026-05-22,sse_southbound_eligible;szse_southbound_eligible
01333,true,2026-05-22,sse_southbound_eligible;szse_southbound_eligible
01336,true,2026-05-22,sse_southbound_eligible;szse_southbound_eligible
01339,true,2026-05-22,sse_southbound_eligible;szse_southbound_eligible
01347,true,2026-05-22,sse_southbound_eligible;szse_southbound_eligible
01349,true,2026-05-22,sse_southbound_eligible;szse_southbound_eligible
01357,true,2026-05-22,sse_southbound_eligible;szse_southbound_eligible
01359,true,2026-05-22,sse_southbound_eligible;szse_southbound_eligible
01361,true,2026-05-22,sse_southbound_eligible;szse_southbound_eligible
01364,true,2026-05-22,sse_southbound_eligible;szse_southbound_eligible
01368,true,2026-05-22,sse_southbound_eligible;szse_southbound_eligible
01375,true,2026-05-22,sse_southbound_eligible;szse_southbound_eligible
01378,true,2026-05-22,sse_southbound_eligible;szse_southbound_eligible
01384,true,2026-05-22,sse_southbound_eligible;szse_southbound_eligible
01385,true,2026-05-22,sse_southbound_eligible;szse_southbound_eligible
01398,true,2026-05-22,sse_southbound_eligible;szse_southbound_eligible
01405,true,2026-05-22,sse_southbound_eligible;szse_southbound_eligible
01415,true,2026-05-22,sse_southbound_eligible;szse_southbound_eligible
01428,true,2026-05-22,sse_southbound_eligible;szse_southbound_eligible
01448,true,2026-05-22,sse_southbound_eligible;szse_southbound_eligible
01456,true,2026-05-22,sse_southbound_eligible;szse_southbound_eligible
01475,true,2026-05-22,sse_southbound_eligible;szse_southbound_eligible
01478,true,2026-05-22,sse_southbound_eligible;szse_southbound_eligible
01513,true,2026-05-22,sse_southbound_eligible;szse_southbound_eligible
01519,true,2026-05-22,sse_southbound_eligible;szse_southbound_eligible
01528,true,2026-05-22,sse_southbound_eligible;szse_southbound_eligible
01530,true,2026-05-22,sse_southbound_eligible;szse_southbound_eligible
01548,true,2026-05-22,sse_southbound_eligible;szse_southbound_eligible
01579,true,2026-05-22,sse_southbound_eligible;szse_southbound_eligible
01585,true,2026-05-22,sse_southbound_eligible;szse_southbound_eligible
01610,true,2026-05-22,sse_southbound_eligible;szse_southbound_eligible
01618,true,2026-05-22,sse_southbound_eligible;szse_southbound_eligible
01635,true,2026-05-22,sse_southbound_eligible;szse_southbound_eligible
01658,true,2026-05-22,sse_southbound_eligible;szse_southbound_eligible
01675,true,2026-05-22,sse_southbound_eligible;szse_southbound_eligible
01681,true,2026-05-22,sse_southbound_eligible;szse_southbound_eligible
01686,true,2026-05-22,sse_southbound_eligible;szse_southbound_eligible
01691,true,2026-05-22,sse_southbound_eligible;szse_southbound_eligible
01729,true,2026-05-22,sse_southbound_eligible;szse_southbound_eligible
01735,true,2026-05-22,sse_southbound_eligible;szse_southbound_eligible
01766,true,2026-05-22,sse_southbound_eligible;szse_southbound_eligible
01772,true,2026-05-22,sse_southbound_eligible;szse_southbound_eligible
01773,true,2026-05-22,sse_southbound_eligible;szse_southbound_eligible
01776,true,2026-05-22,sse_southbound_eligible;szse_southbound_eligible
01783,true,2026-05-22,sse_southbound_eligible;szse_southbound_eligible
01787,true,2026-05-22,sse_southbound_eligible;szse_southbound_eligible
01788,true,2026-05-22,sse_southbound_eligible;szse_southbound_eligible
01789,true,2026-05-22,sse_southbound_eligible;szse_southbound_eligible
01797,true,2026-05-22,sse_southbound_eligible;szse_southbound_eligible
01800,true,2026-05-22,sse_southbound_eligible;szse_southbound_eligible
01801,true,2026-05-22,sse_southbound_eligible;szse_southbound_eligible
01810,true,2026-05-22,sse_southbound_eligible;szse_southbound_eligible
01811,true,2026-05-22,sse_southbound_eligible;szse_southbound_eligible
01816,true,2026-05-22,sse_southbound_eligible;szse_southbound_eligible
01818,true,2026-05-22,sse_southbound_eligible;szse_southbound_eligible
01828,true,2026-05-22,sse_southbound_eligible;szse_southbound_eligible
01833,true,2026-05-22,sse_southbound_eligible;szse_southbound_eligible
01836,true,2026-05-22,sse_southbound_eligible;szse_southbound_eligible
01858,true,2026-05-22,sse_southbound_eligible;szse_southbound_eligible
01860,true,2026-05-22,sse_southbound_eligible;szse_southbound_eligible
01876,true,2026-05-22,sse_southbound_eligible;szse_southbound_eligible
01877,true,2026-05-22,sse_southbound_eligible;szse_southbound_eligible
01880,true,2026-05-22,sse_southbound_eligible;szse_southbound_eligible
01882,true,2026-05-22,sse_southbound_eligible;szse_southbound_eligible
01883,true,2026-05-22,sse_southbound_eligible;szse_southbound_eligible
01888,true,2026-05-22,sse_southbound_eligible;szse_southbound_eligible
01896,true,2026-05-22,sse_southbound_eligible;szse_southbound_eligible
01898,true,2026-05-22,sse_southbound_eligible;szse_southbound_eligible
01907,true,2026-05-22,sse_southbound_eligible;szse_southbound_eligible
01908,true,2026-05-22,sse_southbound_eligible;szse_southbound_eligible
01910,true,2026-05-22,sse_southbound_eligible;szse_southbound_eligible
01918,true,2026-05-22,sse_southbound_eligible;szse_southbound_eligible
01919,true,2026-05-22,sse_southbound_eligible;szse_southbound_eligible
01921,true,2026-05-22,sse_southbound_eligible;szse_southbound_eligible
01928,true,2026-05-22,sse_southbound_eligible;szse_southbound_eligible
01929,true,2026-05-22,sse_southbound_eligible;szse_southbound_eligible
01951,true,2026-05-22,sse_southbound_eligible;szse_southbound_eligible
01952,true,2026-05-22,sse_southbound_eligible;szse_southbound_eligible
01963,true,2026-05-22,sse_southbound_eligible;szse_southbound_eligible
01972,true,2026-05-22,sse_southbound_eligible;szse_southbound_eligible
01988,true,2026-05-22,sse_southbound_eligible;szse_southbound_eligible
01989,true,2026-05-22,sse_southbound_eligible;szse_southbound_eligible
01997,true,2026-05-22,sse_southbound_eligible;szse_southbound_eligible
01999,true,2026-05-22,sse_southbound_eligible;szse_southbound_eligible
02005,true,2026-05-22,sse_southbound_eligible;szse_southbound_eligible
02007,true,2026-05-22,sse_southbound_eligible;szse_southbound_eligible
02009,true,2026-05-22,sse_southbound_eligible;szse_southbound_eligible
02013,true,2026-05-22,sse_southbound_eligible;szse_southbound_eligible
02015,true,2026-05-22,sse_southbound_eligible;szse_southbound_eligible
02016,true,2026-05-22,sse_southbound_eligible;szse_southbound_eligible
02018,true,2026-05-22,sse_southbound_eligible;szse_southbound_eligible
02020,true,2026-05-22,sse_southbound_eligible;szse_southbound_eligible
02038,true,2026-05-22,sse_southbound_eligible;szse_southbound_eligible
02039,true,2026-05-22,sse_southbound_eligible;szse_southbound_eligible
02050,true,2026-05-22,sse_southbound_eligible;szse_southbound_eligible
02057,true,2026-05-22,sse_southbound_eligible;szse_southbound_eligible
02068,true,2026-05-22,sse_southbound_eligible;szse_southbound_eligible
02096,true,2026-05-22,sse_southbound_eligible;szse_southbound_eligible
02097,true,2026-05-22,sse_southbound_eligible;szse_southbound_eligible
02099,true,2026-05-22,sse_southbound_eligible;szse_southbound_eligible
02128,true,2026-05-22,sse_southbound_eligible;szse_southbound_eligible
02145,true,2026-05-22,sse_southbound_eligible;szse_southbound_eligible
02155,true,2026-05-22,sse_southbound_eligible;szse_southbound_eligible
02157,true,2026-05-22,sse_southbound_eligible;szse_southbound_eligible
02158,true,2026-05-22,sse_southbound_eligible;szse_southbound_eligible
02162,true,2026-05-22,sse_southbound_eligible;szse_southbound_eligible
02171,true,2026-05-22,sse_southbound_eligible;szse_southbound_eligible
02172,true,2026-05-22,sse_southbound_eligible;szse_southbound_eligible
02186,true,2026-05-22,sse_southbound_eligible;szse_southbound_eligible
02192,true,2026-05-22,sse_southbound_eligible;szse_southbound_eligible
02196,true,2026-05-22,sse_southbound_eligible;szse_southbound_eligible
02202,true,2026-05-22,sse_southbound_eligible;szse_southbound_eligible
02208,true,2026-05-22,sse_southbound_eligible;szse_southbound_eligible
02218,true,2026-05-22,sse_southbound_eligible;szse_southbound_eligible
02228,true,2026-05-22,sse_southbound_eligible;szse_southbound_eligible
02232,true,2026-05-22,sse_southbound_eligible;szse_southbound_eligible
02233,true,2026-05-22,sse_southbound_eligible;szse_southbound_eligible
02238,true,2026-05-22,sse_southbound_eligible;szse_southbound_eligible
02252,true,2026-05-22,sse_southbound_eligible;szse_southbound_eligible
02255,true,2026-05-22,sse_southbound_eligible;szse_southbound_eligible
02259,true,2026-05-22,sse_southbound_eligible;szse_southbound_eligible
02268,true,2026-05-22,sse_southbound_eligible;szse_southbound_eligible
02269,true,2026-05-22,sse_southbound_eligible;szse_southbound_eligible
02273,true,2026-05-22,sse_southbound_eligible;szse_southbound_eligible
02276,true,2026-05-22,sse_southbound_eligible;szse_southbound_eligible
02282,true,2026-05-22,sse_southbound_eligible;szse_southbound_eligible
02285,true,2026-05-22,sse_southbound_eligible;szse_southbound_eligible
02291,true,2026-05-22,sse_southbound_eligible;szse_southbound_eligible
02313,true,2026-05-22,sse_southbound_eligible;szse_southbound_eligible
02314,true,2026-05-22,sse_southbound_eligible;szse_southbound_eligible
02315,true,2026-05-22,sse_southbound_eligible;szse_southbound_eligible
02318,true,2026-05-22,sse_southbound_eligible;szse_southbound_eligible
02319,true,2026-05-22,sse_southbound_eligible;szse_southbound_eligible
02328,true,2026-05-22,sse_southbound_eligible;szse_southbound_eligible
02331,true,2026-05-22,sse_southbound_eligible;szse_southbound_eligible
02333,true,2026-05-22,sse_southbound_eligible;szse_southbound_eligible
02338,true,2026-05-22,sse_southbound_eligible;szse_southbound_eligible
02343,true,2026-05-22,sse_southbound_eligible;szse_southbound_eligible
02356,true,2026-05-22,sse_southbound_eligible;szse_southbound_eligible
02357,true,2026-05-22,sse_southbound_eligible;szse_southbound_eligible
02359,true,2026-05-22,sse_southbound_eligible;szse_southbound_eligible
02367,true,2026-05-22,sse_southbound_eligible;szse_southbound_eligible
02378,true,2026-05-22,sse_southbound_eligible;szse_southbound_eligible
02380,true,2026-05-22,sse_southbound_eligible;szse_southbound_eligible
02382,true,2026-05-22,sse_southbound_eligible;szse_southbound_eligible
02386,true,2026-05-22,sse_southbound_eligible;szse_southbound_eligible
02388,true,2026-05-22,sse_southbound_eligible;szse_southbound_eligible
02400,true,2026-05-22,sse_southbound_eligible;szse_southbound_eligible
02402,true,2026-05-22,sse_southbound_eligible;szse_southbound_eligible
02410,true,2026-05-22,sse_southbound_eligible;szse_southbound_eligible
02419,true,2026-05-22,sse_southbound_eligible;szse_southbound_eligible
02423,true,2026-05-22,sse_southbound_eligible;szse_southbound_eligible
02431,true,2026-05-22,sse_southbound_eligible;szse_southbound_eligible
02432,true,2026-05-22,sse_southbound_eligible;szse_southbound_eligible
02460,true,2026-05-22,sse_southbound_eligible;szse_southbound_eligible
02465,true,2026-05-22,sse_southbound_eligible;szse_southbound_eligible
02473,true,2026-05-22,sse_southbound_eligible;szse_southbound_eligible
02476,true,2026-05-22,sse_southbound_eligible;szse_southbound_eligible
02477,true,2026-05-22,sse_southbound_eligible;szse_southbound_eligible
02493,true,2026-05-22,sse_southbound_eligible;szse_southbound_eligible
02498,true,2026-05-22,sse_southbound_eligible;szse_southbound_eligible
02506,true,2026-05-22,sse_southbound_eligible;szse_southbound_eligible
02507,true,2026-05-22,sse_southbound_eligible;szse_southbound_eligible
02510,true,2026-05-22,sse_southbound_eligible;szse_southbound_eligible
02517,true,2026-05-22,sse_southbound_eligible;szse_southbound_eligible
02525,true,2026-05-22,sse_southbound_eligible;szse_southbound_eligible
02533,true,2026-05-22,sse_southbound_eligible;szse_southbound_eligible
02555,true,2026-05-22,sse_southbound_eligible;szse_southbound_eligible
02556,true,2026-05-22,sse_southbound_eligible;szse_southbound_eligible
02562,true,2026-05-22,sse_southbound_eligible;szse_southbound_eligible
02565,true,2026-05-22,sse_southbound_eligible;szse_southbound_eligible
02570,true,2026-05-22,sse_southbound_eligible;szse_southbound_eligible
02575,true,2026-05-22,sse_southbound_eligible;szse_southbound_eligible
02577,true,2026-05-22,sse_southbound_eligible;szse_southbound_eligible
02579,true,2026-05-22,sse_southbound_eligible;szse_southbound_eligible
02580,true,2026-05-22,sse_southbound_eligible;szse_southbound_eligible
02582,true,2026-05-22,sse_southbound_eligible;szse_southbound_eligible
02583,true,2026-05-22,sse_southbound_eligible;szse_southbound_eligible
02586,true,2026-05-22,sse_southbound_eligible;szse_southbound_eligible
02587,true,2026-05-22,sse_southbound_eligible;szse_southbound_eligible
02588,true,2026-05-22,sse_southbound_eligible;szse_southbound_eligible
02589,true,2026-05-22,sse_southbound_eligible;szse_southbound_eligible
02590,true,2026-05-22,sse_southbound_eligible;szse_southbound_eligible
02591,true,2026-05-22,sse_southbound_eligible;szse_southbound_eligible
02595,true,2026-05-22,sse_southbound_eligible;szse_southbound_eligible
02600,true,2026-05-22,sse_southbound_eligible;szse_southbound_eligible
02601,true,2026-05-22,sse_southbound_eligible;szse_southbound_eligible
02602,true,2026-05-22,sse_southbound_eligible;szse_southbound_eligible
02603,true,2026-05-22,sse_southbound_eligible;szse_southbound_eligible
02607,true,2026-05-22,sse_southbound_eligible;szse_southbound_eligible
02609,true,2026-05-22,sse_southbound_eligible;szse_southbound_eligible
02610,true,2026-05-22,sse_southbound_eligible;szse_southbound_eligible
02611,true,2026-05-22,sse_southbound_eligible;szse_southbound_eligible
02617,true,2026-05-22,sse_southbound_eligible;szse_southbound_eligible
02618,true,2026-05-22,sse_southbound_eligible;szse_southbound_eligible
02627,true,2026-05-22,sse_southbound_eligible;szse_southbound_eligible
02628,true,2026-05-22,sse_southbound_eligible;szse_southbound_eligible
02629,true,2026-05-22,sse_southbound_eligible;szse_southbound_eligible
02631,true,2026-05-22,sse_southbound_eligible;szse_southbound_eligible
02635,true,2026-05-22,sse_southbound_eligible;szse_southbound_eligible
02637,true,2026-05-22,sse_southbound_eligible;szse_southbound_eligible
02643,true,2026-05-22,sse_southbound_eligible;szse_southbound_eligible
02648,true,2026-05-22,sse_southbound_eligible;szse_southbound_eligible
02650,true,2026-05-22,sse_southbound_eligible;szse_southbound_eligible
02652,true,2026-05-22,sse_southbound_eligible;szse_southbound_eligible
02655,true,2026-05-22,sse_southbound_eligible;szse_southbound_eligible
02656,true,2026-05-22,sse_southbound_eligible;szse_southbound_eligible
02659,true,2026-05-22,sse_southbound_eligible;szse_southbound_eligible
02661,true,2026-05-22,sse_southbound_eligible;szse_southbound_eligible
02665,true,2026-05-22,sse_southbound_eligible;szse_southbound_eligible
02666,true,2026-05-22,sse_southbound_eligible;szse_southbound_eligible
02669,true,2026-05-22,sse_southbound_eligible;szse_southbound_eligible
02676,true,2026-05-22,sse_southbound_eligible;szse_southbound_eligible
02685,true,2026-05-22,sse_southbound_eligible;szse_southbound_eligible
02687,true,2026-05-22,sse_southbound_eligible;szse_southbound_eligible
02688,true,2026-05-22,sse_southbound_eligible;szse_southbound_eligible
02689,true,2026-05-22,sse_southbound_eligible;szse_southbound_eligible
02691,true,2026-05-22,sse_southbound_eligible;szse_southbound_eligible
02692,true,2026-05-22,sse_southbound_eligible;szse_southbound_eligible
02698,true,2026-05-22,sse_southbound_eligible;szse_southbound_eligible
02701,true,2026-05-22,sse_southbound_eligible;szse_southbound_eligible
02714,true,2026-05-22,sse_southbound_eligible;szse_southbound_eligible
02715,true,2026-05-22,sse_southbound_eligible;szse_southbound_eligible
02727,true,2026-05-22,sse_southbound_eligible;szse_southbound_eligible
02768,true,2026-05-22,sse_southbound_eligible;szse_southbound_eligible
02788,true,2026-05-22,sse_southbound_eligible;szse_southbound_eligible
02799,true,2026-05-22,sse_southbound_eligible;szse_southbound_eligible
02800,true,2026-05-22,sse_southbound_eligible;szse_southbound_eligible
02801,true,2026-05-22,sse_southbound_eligible;szse_southbound_eligible
02825,true,2026-05-22,sse_southbound_eligible;szse_southbound_eligible
02828,true,2026-05-22,sse_southbound_eligible;szse_southbound_eligible
02837,true,2026-05-22,sse_southbound_eligible;szse_southbound_eligible
02858,true,2026-05-22,sse_southbound_eligible;szse_southbound_eligible
02865,true,2026-05-22,sse_southbound_eligible;szse_southbound_eligible
02866,true,2026-05-22,sse_southbound_eligible;szse_southbound_eligible
02869,true,2026-05-22,sse_southbound_eligible;szse_southbound_eligible
02877,true,2026-05-22,sse_southbound_eligible;szse_southbound_eligible
02880,true,2026-05-22,sse_southbound_eligible;szse_southbound_eligible
02883,true,2026-05-22,sse_southbound_eligible;szse_southbound_eligible
02888,true,2026-05-22,sse_southbound_eligible;szse_southbound_eligible
02889,true,2026-05-22,sse_southbound_eligible;szse_southbound_eligible
02899,true,2026-05-22,sse_southbound_eligible;szse_southbound_eligible
02940,true,2026-05-22,sse_southbound_eligible;szse_southbound_eligible
03032,true,2026-05-22,sse_southbound_eligible;szse_southbound_eligible
03033,true,2026-05-22,sse_southbound_eligible;szse_southbound_eligible
03037,true,2026-05-22,sse_southbound_eligible;szse_southbound_eligible
03039,true,2026-05-22,sse_southbound_eligible;szse_southbound_eligible
03040,true,2026-05-22,sse_southbound_eligible;szse_southbound_eligible
03067,true,2026-05-22,sse_southbound_eligible;szse_southbound_eligible
03069,true,2026-05-22,sse_southbound_eligible;szse_southbound_eligible
03070,true,2026-05-22,sse_southbound_eligible;szse_southbound_eligible
03088,true,2026-05-22,sse_southbound_eligible;szse_southbound_eligible
03110,true,2026-05-22,sse_southbound_eligible;szse_southbound_eligible
03115,true,2026-05-22,sse_southbound_eligible;szse_southbound_eligible
03167,true,2026-05-22,sse_southbound_eligible;szse_southbound_eligible
03174,true,2026-05-22,sse_southbound_eligible;szse_southbound_eligible
03200,true,2026-05-22,sse_southbound_eligible;szse_southbound_eligible
03268,true,2026-05-22,sse_southbound_eligible;szse_southbound_eligible
03288,true,2026-05-22,sse_southbound_eligible;szse_southbound_eligible
03296,true,2026-05-22,sse_southbound_eligible;szse_southbound_eligible
03306,true,2026-05-22,sse_southbound_eligible;szse_southbound_eligible
03311,true,2026-05-22,sse_southbound_eligible;szse_southbound_eligible
03317,true,2026-05-22,sse_southbound_eligible;szse_southbound_eligible
03320,true,2026-05-22,sse_southbound_eligible;szse_southbound_eligible
03323,true,2026-05-22,sse_southbound_eligible;szse_southbound_eligible
03328,true,2026-05-22,sse_southbound_eligible;szse_southbound_eligible
03330,true,2026-05-22,sse_southbound_eligible;szse_southbound_eligible
03339,true,2026-05-22,sse_southbound_eligible;szse_southbound_eligible
03347,true,2026-05-22,sse_southbound_eligible;szse_southbound_eligible
03360,true,2026-05-22,sse_southbound_eligible;szse_southbound_eligible
03369,true,2026-05-22,sse_southbound_eligible;szse_southbound_eligible
03380,true,2026-05-22,sse_southbound_eligible;szse_southbound_eligible
03393,true,2026-05-22,sse_southbound_eligible;szse_southbound_eligible
03396,true,2026-05-22,sse_southbound_eligible;szse_southbound_eligible
03403,true,2026-05-22,sse_southbound_eligible;szse_southbound_eligible
03406,true,2026-05-22,sse_southbound_eligible;szse_southbound_eligible
03423,true,2026-05-22,sse_southbound_eligible;szse_southbound_eligible
03431,true,2026-05-22,sse_southbound_eligible;szse_southbound_eligible
03432,true,2026-05-22,sse_southbound_eligible;szse_southbound_eligible
03437,true,2026-05-22,sse_southbound_eligible;szse_southbound_eligible
03441,true,2026-05-22,sse_southbound_eligible;szse_southbound_eligible
03442,true,2026-05-22,sse_southbound_eligible;szse_southbound_eligible
03443,true,2026-05-22,sse_southbound_eligible;szse_southbound_eligible
03469,true,2026-05-22,sse_southbound_eligible;szse_southbound_eligible
03477,true,2026-05-22,sse_southbound_eligible;szse_southbound_eligible
03483,true,2026-05-22,sse_southbound_eligible;szse_southbound_eligible
03489,true,2026-05-22,sse_southbound_eligible;szse_southbound_eligible
03606,true,2026-05-22,sse_southbound_eligible;szse_southbound_eligible
03613,true,2026-05-22,sse_southbound_eligible;szse_southbound_eligible
03618,true,2026-05-22,sse_southbound_eligible;szse_southbound_eligible
03633,true,2026-05-22,sse_southbound_eligible;szse_southbound_eligible
03668,true,2026-05-22,sse_southbound_eligible;szse_southbound_eligible
03677,true,2026-05-22,sse_southbound_eligible;szse_southbound_eligible
03678,true,2026-05-22,sse_southbound_eligible;szse_southbound_eligible
03690,true,2026-05-22,sse_southbound_eligible;szse_southbound_eligible
03692,true,2026-05-22,sse_southbound_eligible;szse_southbound_eligible
03696,true,2026-05-22,sse_southbound_eligible;szse_southbound_eligible
03698,true,2026-05-22,sse_southbound_eligible;szse_southbound_eligible
03738,true,2026-05-22,sse_southbound_eligible;szse_southbound_eligible
03750,true,2026-05-22,sse_southbound_eligible;szse_southbound_eligible
03759,true,2026-05-22,sse_southbound_eligible;szse_southbound_eligible
03800,true,2026-05-22,sse_southbound_eligible;szse_southbound_eligible
03808,true,2026-05-22,sse_southbound_eligible;szse_southbound_eligible
03858,true,2026-05-22,sse_southbound_eligible;szse_southbound_eligible
03866,true,2026-05-22,sse_southbound_eligible;szse_southbound_eligible
03868,true,2026-05-22,sse_southbound_eligible;szse_southbound_eligible
03877,true,2026-05-22,sse_southbound_eligible;szse_southbound_eligible
03881,true,2026-05-22,sse_southbound_eligible;szse_southbound_eligible
03888,true,2026-05-22,sse_southbound_eligible;szse_southbound_eligible
03896,true,2026-05-22,sse_southbound_eligible;szse_southbound_eligible
03898,true,2026-05-22,sse_southbound_eligible;szse_southbound_eligible
03899,true,2026-05-22,sse_southbound_eligible;szse_southbound_eligible
03900,true,2026-05-22,sse_southbound_eligible;szse_southbound_eligible
03908,true,2026-05-22,sse_southbound_eligible;szse_southbound_eligible
03918,true,2026-05-22,sse_southbound_eligible;szse_southbound_eligible
03931,true,2026-05-22,sse_southbound_eligible;szse_southbound_eligible
03933,true,2026-05-22,sse_southbound_eligible;szse_southbound_eligible
03939,true,2026-05-22,sse_southbound_eligible;szse_southbound_eligible
03958,true,2026-05-22,sse_southbound_eligible;szse_southbound_eligible
03968,true,2026-05-22,sse_southbound_eligible;szse_southbound_eligible
03969,true,2026-05-22,sse_southbound_eligible;szse_southbound_eligible
03986,true,2026-05-22,sse_southbound_eligible;szse_southbound_eligible
03988,true,2026-05-22,sse_southbound_eligible;szse_southbound_eligible
03993,true,2026-05-22,sse_southbound_eligible;szse_southbound_eligible
03996,true,2026-05-22,sse_southbound_eligible;szse_southbound_eligible
03998,true,2026-05-22,sse_southbound_eligible;szse_southbound_eligible
06030,true,2026-05-22,sse_southbound_eligible;szse_southbound_eligible
06031,true,2026-05-22,sse_southbound_eligible;szse_southbound_eligible
06049,true,2026-05-22,sse_southbound_eligible;szse_southbound_eligible
06055,true,2026-05-22,sse_southbound_eligible;szse_southbound_eligible
06060,true,2026-05-22,sse_southbound_eligible;szse_southbound_eligible
06066,true,2026-05-22,sse_southbound_eligible;szse_southbound_eligible
06069,true,2026-05-22,sse_southbound_eligible;szse_southbound_eligible
06078,true,2026-05-22,sse_southbound_eligible;szse_southbound_eligible
06088,true,2026-05-22,sse_southbound_eligible;szse_southbound_eligible
06090,true,2026-05-22,sse_southbound_eligible;szse_southbound_eligible
06098,true,2026-05-22,sse_southbound_eligible;szse_southbound_eligible
06099,true,2026-05-22,sse_southbound_eligible;szse_southbound_eligible
06110,true,2026-05-22,sse_southbound_eligible;szse_southbound_eligible
06127,true,2026-05-22,sse_southbound_eligible;szse_southbound_eligible
06160,true,2026-05-22,sse_southbound_eligible;szse_southbound_eligible
06166,true,2026-05-22,sse_southbound_eligible;szse_southbound_eligible
06168,true,2026-05-22,sse_southbound_eligible;szse_southbound_eligible
06178,true,2026-05-22,sse_southbound_eligible;szse_southbound_eligible
06181,true,2026-05-22,sse_southbound_eligible;szse_southbound_eligible
06185,true,2026-05-22,sse_southbound_eligible;szse_southbound_eligible
06186,true,2026-05-22,sse_southbound_eligible;szse_southbound_eligible
06196,true,2026-05-22,sse_southbound_eligible;szse_southbound_eligible
06198,true,2026-05-22,sse_southbound_eligible;szse_southbound_eligible
06600,true,2026-05-22,sse_southbound_eligible;szse_southbound_eligible
06603,true,2026-05-22,sse_southbound_eligible;szse_southbound_eligible
06613,true,2026-05-22,sse_southbound_eligible;szse_southbound_eligible
06618,true,2026-05-22,sse_southbound_eligible;szse_southbound_eligible
06651,true,2026-05-22,sse_southbound_eligible;szse_southbound_eligible
06655,true,2026-05-22,sse_southbound_eligible;szse_southbound_eligible
06666,true,2026-05-22,sse_southbound_eligible;szse_southbound_eligible
06680,true,2026-05-22,sse_southbound_eligible;szse_southbound_eligible
06681,true,2026-05-22,sse_southbound_eligible;szse_southbound_eligible
06682,true,2026-05-22,sse_southbound_eligible;szse_southbound_eligible
06683,true,2026-05-22,sse_southbound_eligible;szse_southbound_eligible
06687,true,2026-05-22,sse_southbound_eligible;szse_southbound_eligible
06690,true,2026-05-22,sse_southbound_eligible;szse_southbound_eligible
06693,true,2026-05-22,sse_southbound_eligible;szse_southbound_eligible
06699,true,2026-05-22,sse_southbound_eligible;szse_southbound_eligible
06806,true,2026-05-22,sse_southbound_eligible;szse_southbound_eligible
06808,true,2026-05-22,sse_southbound_eligible;szse_southbound_eligible
06809,true,2026-05-22,sse_southbound_eligible;szse_southbound_eligible
06818,true,2026-05-22,sse_southbound_eligible;szse_southbound_eligible
06821,true,2026-05-22,sse_southbound_eligible;szse_southbound_eligible
06826,true,2026-05-22,sse_southbound_eligible;szse_southbound_eligible
06855,true,2026-05-22,sse_southbound_eligible;szse_southbound_eligible
06862,true,2026-05-22,sse_southbound_eligible;szse_southbound_eligible
06865,true,2026-05-22,sse_southbound_eligible;szse_southbound_eligible
06869,true,2026-05-22,sse_southbound_eligible;szse_southbound_eligible
06881,true,2026-05-22,sse_southbound_eligible;szse_southbound_eligible
06886,true,2026-05-22,sse_southbound_eligible;szse_southbound_eligible
06936,true,2026-05-22,sse_southbound_eligible;szse_southbound_eligible
06955,true,2026-05-22,sse_southbound_eligible;szse_southbound_eligible
06963,true,2026-05-22,sse_southbound_eligible;szse_southbound_eligible
06969,true,2026-05-22,sse_southbound_eligible;szse_southbound_eligible
06979,true,2026-05-22,sse_southbound_eligible;szse_southbound_eligible
06990,true,2026-05-22,sse_southbound_eligible;szse_southbound_eligible
06993,true,2026-05-22,sse_southbound_eligible;szse_southbound_eligible
07618,true,2026-05-22,sse_southbound_eligible;szse_southbound_eligible
09606,true,2026-05-22,sse_southbound_eligible;szse_southbound_eligible
09611,true,2026-05-22,sse_southbound_eligible;szse_southbound_eligible
09626,true,2026-05-22,sse_southbound_eligible;szse_southbound_eligible
09633,true,2026-05-22,sse_southbound_eligible;szse_southbound_eligible
09636,true,2026-05-22,sse_southbound_eligible;szse_southbound_eligible
09658,true,2026-05-22,sse_southbound_eligible;szse_southbound_eligible
09660,true,2026-05-22,sse_southbound_eligible;szse_southbound_eligible
09678,true,2026-05-22,sse_southbound_eligible;szse_southbound_eligible
09688,true,2026-05-22,sse_southbound_eligible;szse_southbound_eligible
09690,true,2026-05-22,sse_southbound_eligible;szse_southbound_eligible
09696,true,2026-05-22,sse_southbound_eligible;szse_southbound_eligible
09699,true,2026-05-22,sse_southbound_eligible;szse_southbound_eligible
09858,true,2026-05-22,sse_southbound_eligible;szse_southbound_eligible
09863,true,2026-05-22,sse_southbound_eligible;szse_southbound_eligible
09868,true,2026-05-22,sse_southbound_eligible;szse_southbound_eligible
09880,true,2026-05-22,sse_southbound_eligible;szse_southbound_eligible
09887,true,2026-05-22,sse_southbound_eligible;szse_southbound_eligible
09890,true,2026-05-22,sse_southbound_eligible;szse_southbound_eligible
09896,true,2026-05-22,sse_southbound_eligible;szse_southbound_eligible
09899,true,2026-05-22,sse_southbound_eligible;szse_southbound_eligible
09911,true,2026-05-22,sse_southbound_eligible;szse_southbound_eligible
09926,true,2026-05-22,sse_southbound_eligible;szse_southbound_eligible
09927,true,2026-05-22,sse_southbound_eligible;szse_southbound_eligible
09969,true,2026-05-22,sse_southbound_eligible;szse_southbound_eligible
09973,true,2026-05-22,sse_southbound_eligible;szse_southbound_eligible
09980,true,2026-05-22,sse_southbound_eligible;szse_southbound_eligible
09981,true,2026-05-22,sse_southbound_eligible;szse_southbound_eligible
09985,true,2026-05-22,sse_southbound_eligible;szse_southbound_eligible
09987,true,2026-05-22,sse_southbound_eligible;szse_southbound_eligible
09988,true,2026-05-22,sse_southbound_eligible;szse_southbound_eligible
09989,true,2026-05-22,sse_southbound_eligible;szse_southbound_eligible
09992,true,2026-05-22,sse_southbound_eligible;szse_southbound_eligible
09993,true,2026-05-22,sse_southbound_eligible;szse_southbound_eligible
09995,true,2026-05-22,sse_southbound_eligible;szse_southbound_eligible
